date,sku,node_id,units,revenue,on_promo
2026-07-04,SKU-MASALA-CHIPS-200G,DS-07,15,450.0,false
2026-07-05,SKU-MASALA-CHIPS-200G,DS-07,10,300.0,false
2026-07-06,SKU-MASALA-CHIPS-200G,DS-07,7,210.0,false
2026-07-07,SKU-MASALA-CHIPS-200G,DS-07,5,150.0,false
2026-07-08,SKU-MASALA-CHIPS-200G,DS-07,7,210.0,false
2026-07-09,SKU-MASALA-CHIPS-200G,DS-07,6,180.0,false
2026-07-10,SKU-MASALA-CHIPS-200G,DS-07,7,210.0,false
2026-07-11,SKU-MASALA-CHIPS-200G,DS-07,11,330.0,false
2026-07-12,SKU-MASALA-CHIPS-200G,DS-07,9,270.0,false
2026-07-13,SKU-MASALA-CHIPS-200G,DS-07,8,240.0,false
2026-07-14,SKU-MASALA-CHIPS-200G,DS-07,6,180.0,false
2026-07-15,SKU-MASALA-CHIPS-200G,DS-07,6,180.0,false
2026-07-16,SKU-MASALA-CHIPS-200G,DS-07,11,330.0,false
2026-07-17,SKU-MASALA-CHIPS-200G,DS-07,10,300.0,false
2026-07-18,SKU-MASALA-CHIPS-200G,DS-07,8,240.0,false
2026-07-19,SKU-MASALA-CHIPS-200G,DS-07,9,270.0,false
2026-07-20,SKU-MASALA-CHIPS-200G,DS-07,9,270.0,false
2026-07-21,SKU-MASALA-CHIPS-200G,DS-07,7,210.0,false
2026-07-22,SKU-MASALA-CHIPS-200G,DS-07,14,357.0,true
2026-07-23,SKU-MASALA-CHIPS-200G,DS-07,4,120.0,false
2026-07-24,SKU-MASALA-CHIPS-200G,DS-07,7,210.0,false
2026-07-25,SKU-MASALA-CHIPS-200G,DS-07,7,210.0,false
2026-07-26,SKU-MASALA-CHIPS-200G,DS-07,9,270.0,false
2026-07-27,SKU-MASALA-CHIPS-200G,DS-07,6,180.0,false
2026-07-28,SKU-MASALA-CHIPS-200G,DS-07,12,306.0,true
2026-07-29,SKU-MASALA-CHIPS-200G,DS-07,13,390.0,false
2026-07-30,SKU-MASALA-CHIPS-200G,DS-07,8,240.0,false
2026-07-31,SKU-MASALA-CHIPS-200G,DS-07,8,240.0,false
2026-08-01,SKU-MASALA-CHIPS-200G,DS-07,9,270.0,false
2026-08-02,SKU-MASALA-CHIPS-200G,DS-07,8,240.0,false
2026-08-03,SKU-MASALA-CHIPS-200G,DS-07,6,180.0,false
2026-08-04,SKU-MASALA-CHIPS-200G,DS-07,6,180.0,false
2026-08-05,SKU-MASALA-CHIPS-200G,DS-07,7,210.0,false
2026-08-06,SKU-MASALA-CHIPS-200G,DS-07,12,360.0,false
2026-08-07,SKU-MASALA-CHIPS-200G,DS-07,7,210.0,false
2026-08-08,SKU-MASALA-CHIPS-200G,DS-07,11,330.0,false
2026-08-09,SKU-MASALA-CHIPS-200G,DS-07,14,420.0,false
2026-08-10,SKU-MASALA-CHIPS-200G,DS-07,6,180.0,false
2026-08-11,SKU-MASALA-CHIPS-200G,DS-07,5,150.0,false
2026-08-12,SKU-MASALA-CHIPS-200G,DS-07,5,150.0,false
2026-08-13,SKU-MASALA-CHIPS-200G,DS-07,10,255.0,true
2026-08-14,SKU-MASALA-CHIPS-200G,DS-07,7,210.0,false
2026-08-15,SKU-MASALA-CHIPS-200G,DS-07,10,300.0,false
2026-08-16,SKU-MASALA-CHIPS-200G,DS-07,11,330.0,false
2026-08-17,SKU-MASALA-CHIPS-200G,DS-07,7,210.0,false
2026-08-18,SKU-MASALA-CHIPS-200G,DS-07,8,240.0,false
2026-08-19,SKU-MASALA-CHIPS-200G,DS-07,10,300.0,false
2026-08-20,SKU-MASALA-CHIPS-200G,DS-07,8,240.0,false
2026-08-21,SKU-MASALA-CHIPS-200G,DS-07,11,330.0,false
2026-08-22,SKU-MASALA-CHIPS-200G,DS-07,20,510.0,true
2026-08-23,SKU-MASALA-CHIPS-200G,DS-07,11,330.0,false
2026-08-24,SKU-MASALA-CHIPS-200G,DS-07,6,180.0,false
2026-08-25,SKU-MASALA-CHIPS-200G,DS-07,8,240.0,false
2026-08-26,SKU-MASALA-CHIPS-200G,DS-07,9,270.0,false
2026-08-27,SKU-MASALA-CHIPS-200G,DS-07,7,210.0,false
2026-08-28,SKU-MASALA-CHIPS-200G,DS-07,5,150.0,false
2026-08-29,SKU-MASALA-CHIPS-200G,DS-07,19,570.0,false
2026-08-30,SKU-MASALA-CHIPS-200G,DS-07,7,210.0,false
2026-08-31,SKU-MASALA-CHIPS-200G,DS-07,5,150.0,false
2026-09-01,SKU-MASALA-CHIPS-200G,DS-07,10,300.0,false
2026-09-02,SKU-MASALA-CHIPS-200G,DS-07,7,210.0,false
2026-09-03,SKU-MASALA-CHIPS-200G,DS-07,7,210.0,false
2026-09-04,SKU-MASALA-CHIPS-200G,DS-07,10,300.0,false
2026-09-05,SKU-MASALA-CHIPS-200G,DS-07,12,360.0,false
2026-09-06,SKU-MASALA-CHIPS-200G,DS-07,8,240.0,false
2026-09-07,SKU-MASALA-CHIPS-200G,DS-07,11,330.0,false
2026-09-08,SKU-MASALA-CHIPS-200G,DS-07,7,210.0,false
2026-09-09,SKU-MASALA-CHIPS-200G,DS-07,6,180.0,false
2026-09-10,SKU-MASALA-CHIPS-200G,DS-07,8,240.0,false
2026-09-11,SKU-MASALA-CHIPS-200G,DS-07,8,240.0,false
2026-07-04,SKU-DARJEELING-TEA-100G,DS-04,1,450.0,false
2026-07-05,SKU-DARJEELING-TEA-100G,DS-04,1,450.0,false
2026-07-06,SKU-DARJEELING-TEA-100G,DS-04,1,450.0,false
2026-07-10,SKU-DARJEELING-TEA-100G,DS-04,1,450.0,false
2026-07-11,SKU-DARJEELING-TEA-100G,DS-04,1,450.0,false
2026-07-12,SKU-DARJEELING-TEA-100G,DS-04,1,450.0,false
2026-07-17,SKU-DARJEELING-TEA-100G,DS-04,1,450.0,false
2026-07-18,SKU-DARJEELING-TEA-100G,DS-04,1,450.0,false
2026-07-19,SKU-DARJEELING-TEA-100G,DS-04,1,450.0,false
2026-07-23,SKU-DARJEELING-TEA-100G,DS-04,1,450.0,false
2026-07-24,SKU-DARJEELING-TEA-100G,DS-04,1,450.0,false
2026-07-25,SKU-DARJEELING-TEA-100G,DS-04,1,450.0,false
2026-07-31,SKU-DARJEELING-TEA-100G,DS-04,1,450.0,false
2026-08-01,SKU-DARJEELING-TEA-100G,DS-04,1,450.0,false
2026-08-05,SKU-DARJEELING-TEA-100G,DS-04,1,382.5,true
2026-08-06,SKU-DARJEELING-TEA-100G,DS-04,1,450.0,false
2026-08-07,SKU-DARJEELING-TEA-100G,DS-04,1,450.0,false
2026-08-09,SKU-DARJEELING-TEA-100G,DS-04,1,450.0,false
2026-08-10,SKU-DARJEELING-TEA-100G,DS-04,1,450.0,false
2026-08-11,SKU-DARJEELING-TEA-100G,DS-04,1,450.0,false
2026-08-12,SKU-DARJEELING-TEA-100G,DS-04,1,450.0,false
2026-08-16,SKU-DARJEELING-TEA-100G,DS-04,1,450.0,false
2026-08-18,SKU-DARJEELING-TEA-100G,DS-04,1,382.5,true
2026-08-21,SKU-DARJEELING-TEA-100G,DS-04,1,450.0,false
2026-08-22,SKU-DARJEELING-TEA-100G,DS-04,1,450.0,false
2026-08-23,SKU-DARJEELING-TEA-100G,DS-04,1,450.0,false
2026-08-24,SKU-DARJEELING-TEA-100G,DS-04,1,450.0,false
2026-08-25,SKU-DARJEELING-TEA-100G,DS-04,1,450.0,false
2026-08-26,SKU-DARJEELING-TEA-100G,DS-04,1,450.0,false
2026-08-27,SKU-DARJEELING-TEA-100G,DS-04,1,382.5,true
2026-08-28,SKU-DARJEELING-TEA-100G,DS-04,1,450.0,false
2026-08-29,SKU-DARJEELING-TEA-100G,DS-04,1,382.5,true
2026-08-31,SKU-DARJEELING-TEA-100G,DS-04,1,450.0,false
2026-09-01,SKU-DARJEELING-TEA-100G,DS-04,1,450.0,false
2026-09-03,SKU-DARJEELING-TEA-100G,DS-04,1,450.0,false
2026-09-04,SKU-DARJEELING-TEA-100G,DS-04,1,450.0,false
2026-09-05,SKU-DARJEELING-TEA-100G,DS-04,1,450.0,false
2026-09-06,SKU-DARJEELING-TEA-100G,DS-04,1,450.0,false
2026-09-07,SKU-DARJEELING-TEA-100G,DS-04,1,450.0,false
2026-09-10,SKU-DARJEELING-TEA-100G,DS-04,1,450.0,false
